{
  "R": {
    "precision": 0.9736842105263158,
    "recall": 0.9736842105263158,
    "f1-score": 0.9736842105263158,
    "support": 76.0
  },
  "G": {
    "precision": 0.9111111111111111,
    "recall": 0.9534883720930233,
    "f1-score": 0.9318181818181818,
    "support": 43.0
  },
  "E": {
    "precision": 0.0,
    "recall": 0.0,
    "f1-score": 0.0,
    "support": 2.0
  },
  "accuracy": 0.9504132231404959,
  "macro avg": {
    "precision": 0.6282651072124756,
    "recall": 0.642390860873113,
    "f1-score": 0.6351674641148325,
    "support": 121.0
  },
  "weighted avg": {
    "precision": 0.9353535353535354,
    "recall": 0.9504132231404959,
    "f1-score": 0.9427122464312546,
    "support": 121.0
  }
}